brand,model,model_year,list_price,color,configration,condition,body_type,wheel_config,transmission,fuel_type,mileage,carfax_link,vin_number,image_link,dealer_address,configuration
Other,Other,2012,21900,Blue,,Used,Other,Rear-wheel drive (RWD),Automatic,Other,108000,,1581,https://media.kijiji.ca/api/v1/autos-prod-ads/images/13/135c3209-30d3-4192-a701-8cc59996fb58?rule=kijijica-640-jpg,,
Land Rover,Discovery,2020,53990,Black,,Used,"SUV, Crossover",4 x 4,Automatic,Gasoline,60228,,SALRU2RV3L2423324,https://media.kijiji.ca/api/v1/autos-prod-ads/images/4e/4ec585fe-33cc-4b3f-b107-5bb00b3591b2?rule=kijijica-640-jpg,,
Toyota,Highlander,2020,44599,Other,,Used,"SUV, Crossover",All-wheel drive (AWD),Automatic,Gasoline,60328,,5TDGZRBH9LS522428,https://media.kijiji.ca/api/v1/autos-prod-ads/images/b6/b6420884-79f3-4f74-9b42-591aee21a840?rule=kijijica-640-jpg,,
GMC,Terrain,2019,27495,Blue,,Used,"SUV, Crossover",All-wheel drive (AWD),Automatic,Gasoline,61560,,3GKALTEV1KL301095,https://media.kijiji.ca/api/v1/autos-prod-ads/images/c5/c5e693b0-52c2-4025-b596-fcbfdf50efc6?rule=kijijica-640-jpg,,
Ford,Escape,2015,12000,"SUV, Crossover",,Used,Automatic,,,,162700,,,https://media.kijiji.ca/api/v1/ca-prod-fsbo-ads/images/1b/1b0a20d8-6709-4e25-b707-823ebca07563?rule=kijijica-640-jpg,,
Volkswagen,Jetta,2006,5000,Silver,,Used,Sedan,Automatic,Gasoline,,277000,,,https://media.kijiji.ca/api/v1/ca-prod-fsbo-ads/images/a1/a1c861af-c805-4229-b5c4-eecafc59bffa?rule=kijijica-640-jpg,,
Nissan,Armada,2013,12345,Brown,,Used,"SUV, Crossover",All-wheel drive (AWD),Automatic,Gasoline,289000,,,https://media.kijiji.ca/api/v1/ca-prod-fsbo-ads/images/d7/d7912982-47b2-4b53-8235-2c25e43302b1?rule=kijijica-640-jpg,,
Hyundai,Elantra,2011,4000,Sedan,,Used,Automatic,Gasoline,,,262125,,,https://media.kijiji.ca/api/v1/ca-prod-fsbo-ads/images/e0/e0f762ea-d3eb-4e3a-b23f-50da86cc299a?rule=kijijica-640-jpg,,
Hyundai,Santa Fe,2013,8800,All-wheel drive (AWD),,Used,Automatic,Gasoline,5XYZUDLB5DG115791,,162000,,,https://media.kijiji.ca/api/v1/ca-prod-fsbo-ads/images/fb/fb7f0499-af96-4a5c-8d18-f6435c91d50a?rule=kijijica-640-jpg,,
Mazda,MX-5 Miata,2001,13500,Coupe (2 door),,Used,Rear-wheel drive (RWD),Other,Gasoline,JM1NB353210206619,130201,,2022-329,https://media.kijiji.ca/api/v1/ca-prod-dealer-ads/images/75/7592724f-cdac-4a71-892e-ae7f04ae4ec8?rule=kijijica-640-jpg,,
Ford,Edge,2016,19749,Grey,,Used,"SUV, Crossover",All-wheel drive (AWD),Automatic,Gasoline,128706,,2FMPK4G94GBC38460,https://media.kijiji.ca/api/v1/autos-prod-ads/images/19/19d5be3c-1aff-4201-8dd7-191459386e02?rule=kijijica-640-jpg,,
Ford,Ranger,2020,38499,Red,,Used,Pickup Truck,4 x 4,Automatic,Gasoline,70044,,1FTER4FH7LLA18076,https://media.kijiji.ca/api/v1/autos-prod-ads/images/83/836c76ea-d90b-41ce-88f3-9feee459c19e?rule=kijijica-640-jpg,,
Ram,1500,2017,24495,Black,,Used,Pickup Truck,4 x 4,Automatic,Gasoline,187732,,3C6RR7KT3HG642501,https://media.kijiji.ca/api/v1/autos-prod-ads/images/7e/7e3ac538-75b9-4db3-a4ce-4a3df2abbdac?rule=kijijica-640-jpg,,
Chevrolet,Silverado 1500,2021,54495,Black,,Used,Pickup Truck,4 x 4,Automatic,Gasoline,56875,,3GCPYFEDXMG250305,https://media.kijiji.ca/api/v1/autos-prod-ads/images/63/63738581-f512-4f3d-aaed-f34a61ca934c?rule=kijijica-640-jpg,,
Chevrolet,Camaro,1996,12000,,,Used,,,,,124,,,https://media.kijiji.ca/api/v1/ca-prod-fsbo-ads/images/03/03fc9252-99c0-40fa-949d-2df35f4a519e?rule=kijijica-640-jpg,,
Hyundai,Elantra,2020,20990,Black,,Used,Sedan,Front-wheel drive (FWD),Automatic,Gasoline,92502,,KMHD84LF7LU102387,https://media.kijiji.ca/api/v1/autos-prod-ads/images/05/05ad3532-96ee-4468-a750-f38c58b4ee6e?rule=kijijica-640-jpg,,
Land Rover,Range Rover Evoque,2020,42890,Silver,,Used,"SUV, Crossover",All-wheel drive (AWD),Automatic,Gasoline,20756,,SALZJ2FXXLH014295,https://media.kijiji.ca/api/v1/autos-prod-ads/images/de/dee8aa16-f9b4-407b-9ab5-da64bf96f750?rule=kijijica-640-jpg,,
Toyota,Sienna,2006,3899,Gold,,Used,"Minivan, Van",Front-wheel drive (FWD),Automatic,Gasoline,276119,,5TDZA23C56S397569,https://media.kijiji.ca/api/v1/autos-prod-ads/images/cd/cdbf08ae-cfcd-43bb-81c3-08ce42f0247d?rule=kijijica-640-jpg,,
Ford,Fusion,2011,3800,Sedan,,Used,All-wheel drive (AWD),Other,Gasoline,,312000,,,https://media.kijiji.ca/api/v1/ca-prod-fsbo-ads/images/79/79ad02fc-fd53-4cb0-ac1b-42e30a1ce7b3?rule=kijijica-640-jpg,,
Ford,F-150,2020,49332,White,,Used,Pickup Truck,4 x 4,Automatic,Gasoline,132864,,1FTEW1EG4LFB82366,https://media.kijiji.ca/api/v1/autos-prod-ads/images/ed/ed6ceebc-5758-4cd7-8a5c-68ff840e95e6?rule=kijijica-640-jpg,,
Jeep,Cherokee,2016,24749,Orange,,Used,"SUV, Crossover",4 x 4,Automatic,Gasoline,57458,,1C4PJMBS0GW113472,https://media.kijiji.ca/api/v1/autos-prod-ads/images/9a/9a551a2b-dd23-4ac4-b2fc-836ea6829d05?rule=kijijica-640-jpg,,
GMC,Sierra 1500,2020,45887,Black,,Used,Pickup Truck,4 x 4,Automatic,Gasoline,107334,,1GTU9CED0LZ183940,https://media.kijiji.ca/api/v1/autos-prod-ads/images/29/29dd1d7e-b8a3-4c5f-ac71-87c282f72509?rule=kijijica-640-jpg,,
Chrysler,Pacifica,2023,62575,Black,,New,"Minivan, Van",All-wheel drive (AWD),Automatic,Gasoline,0,,2C4RC3BGXPR544063,,,
Ram,1500,2023,52075,Silver,,New,Pickup Truck,Other,Automatic,Gasoline,0,,3C6JR7ET6PG664435,,,
Jaguar,F-Type,2020,61990,Black,,Used,Sedan,Rear-wheel drive (RWD),Automatic,Gasoline,26787,,SAJDD1EV6LCK68135,https://media.kijiji.ca/api/v1/autos-prod-ads/images/d0/d00fcfbd-1b6a-4f6c-ba2b-fe7f4984db54?rule=kijijica-640-jpg,,
Chevrolet,Corvette,2021,109987,Blue,,Used,Sedan,Rear-wheel drive (RWD),Automatic,Gasoline,6528,,1G1YB2D48M5111077,https://media.kijiji.ca/api/v1/autos-prod-ads/images/4f/4fece505-b6f8-46e7-9bf7-27b1a8495f11?rule=kijijica-640-jpg,,
Ram,1500,2021,107829,Red,,Used,Pickup Truck,4 x 4,Automatic,Gasoline,14819,,1C6SRFU97MN713326,https://media.kijiji.ca/api/v1/autos-prod-ads/images/3b/3bc78971-5e8d-4f4d-b7f8-40e4d9f61a41?rule=kijijica-640-jpg,,
Chevrolet,Equinox,2021,30898,White,,Used,"SUV, Crossover",Other,Gasoline,2GNAXUEV3M6161412,81202,,PA1412,https://media.kijiji.ca/api/v1/autos-prod-ads/images/cc/cc65a393-8188-4d58-8944-de126f22d2fb?rule=kijijica-640-jpg,,
Mercedes-Benz,CLA,2015,24333,Grey,,Used,Sedan,Other,Gasoline,WDDSJ4GB2FN192432,55463,,N125049A,https://media.kijiji.ca/api/v1/autos-prod-ads/images/30/30e61fa3-66f6-45fa-baa5-c85697a88e22?rule=kijijica-640-jpg,,
Chevrolet,Camaro,2019,56900,Blue,,Used,Coupe (2 door),Rear-wheel drive (RWD),Automatic,Other,24000,,1G1FH1R77K0143368,https://media.kijiji.ca/api/v1/autos-prod-ads/images/49/49bb6698-545a-4adb-b011-64e4f84e99cc?rule=kijijica-640-jpg,,
Toyota,RAV4,2019,41900,Grey,,Used,"SUV, Crossover",All-wheel drive (AWD),Automatic,Other,65989,,2T3RWRFV4KW001714,https://media.kijiji.ca/api/v1/autos-prod-ads/images/d3/d3a323e8-9732-45d7-b196-fcd6da6fef5d?rule=kijijica-640-jpg,,
Ford,Fiesta,2019,16749,Blue,,Used,Hatchback,Front-wheel drive (FWD),Manual,Gasoline,81698,,3FADP4EJ8KM108202,https://media.kijiji.ca/api/v1/autos-prod-ads/images/26/263caf41-0ebf-4fe4-9430-520f301e9d65?rule=kijijica-640-jpg,,
Ford,GT,2015,32996,Yellow,,Used,Coupe (2 door),Other,Automatic,Gasoline,72321,,1FA6P8CF3F5307233,https://media.kijiji.ca/api/v1/autos-prod-ads/images/60/603e22a2-4cdb-412f-a525-fb5b28974ebe?rule=kijijica-640-jpg,,
Toyota,Corolla,2018,22593,Red,,Used,Hatchback,Front-wheel drive (FWD),Manual,Gasoline,86553,,JTNKARJE9JJ569215,https://media.kijiji.ca/api/v1/autos-prod-ads/images/e1/e19609aa-cb96-4bc1-9665-b78196e37f3e?rule=kijijica-640-jpg,,
Subaru,Impreza,2019,17955,Grey,,Used,Sedan,Other,Gasoline,4S3GKAC64K1619406,172165,,PA3651A,https://media.kijiji.ca/api/v1/autos-prod-ads/images/9c/9cfb52f2-1838-47df-ab5d-fc7275712e93?rule=kijijica-640-jpg,,
Jeep,Cherokee,2022,48400,White,,Used,"SUV, Crossover",4 x 4,Automatic,Gasoline,5889,,1C4PJMBX2ND555416,https://media.kijiji.ca/api/v1/autos-prod-ads/images/d1/d1cdae4d-5e15-49b3-8cc6-bc917cccb7a2?rule=kijijica-640-jpg,,
Ford,Escape,2010,2700,,,Used,,,,,240000,,,https://media.kijiji.ca/api/v1/ca-prod-fsbo-ads/images/77/77e1509a-70bf-48a2-b3e0-a0c417f8485a?rule=kijijica-640-jpg,,
Ford,F-150,2021,62900,Other,,Used,Pickup Truck,4 x 4,Gasoline,1FTFW1ED6MFB73289,21640,,F23105B,https://media.kijiji.ca/api/v1/autos-prod-ads/images/25/25fc144c-6385-4787-909e-a0a12feac558?rule=kijijica-640-jpg,,
Chevrolet,Impala,2019,24900,Grey,,Used,Sedan,Front-wheel drive (FWD),Automatic,Other,116000,,2G11Z5SA9K9104968,https://media.kijiji.ca/api/v1/autos-prod-ads/images/76/76ed7dc8-50c4-4b3d-8ce5-41566d850ee1?rule=kijijica-640-jpg,,
Chevrolet,Trailblazer,2021,25995,Other,,Used,"SUV, Crossover",Other,Gasoline,KL79MPS21MB000809,106500,,S10809,http://img.youtube.com/vi/lfoxy6SJPfg/sddefault.jpg,,
Chevrolet,Silverado 1500,2021,55900,Black,,Used,Pickup Truck,4 x 4,Automatic,Other,49000,,1GCUYEED5MZ366489,https://media.kijiji.ca/api/v1/autos-prod-ads/images/a1/a1df4186-47d8-4a2b-9de1-0321e4a3704c?rule=kijijica-640-jpg,,
Ram,2500,2019,39998,Black,,Used,Other,4 x 4,Automatic,Gasoline,104425,,3C6UR5HJ3KG585115,https://media.kijiji.ca/api/v1/autos-prod-ads/images/73/738bba4a-0a53-4068-8432-2319368a77f5?rule=kijijica-640-jpg,,
Hyundai,Kona,2020,27666,Black,,Used,"SUV, Crossover",Other,Gasoline,KM8K6CAA5LU537147,81202,,PA7147,https://media.kijiji.ca/api/v1/autos-prod-ads/images/4c/4c8e149e-57a1-4ee4-bc29-693f7989ce88?rule=kijijica-640-jpg,,
Hyundai,Kona,2020,29996,White,,Used,"SUV, Crossover",Other,Automatic,Gasoline,77848,,KM8K6CAA2LU538675,https://media.kijiji.ca/api/v1/autos-prod-ads/images/1e/1e2afeb1-e03b-404c-9d6f-8fe1be0d8469?rule=kijijica-640-jpg,,
Volkswagen,Passat,2021,33900,White,,Used,Sedan,Front-wheel drive (FWD),Automatic,Other,28000,,1VWBA7A3XMC016554,https://media.kijiji.ca/api/v1/autos-prod-ads/images/7e/7ed78579-d659-4384-acfc-fbecc6613075?rule=kijijica-640-jpg,,
GMC,Sierra 1500,2017,45900,Black,,Used,Pickup Truck,4 x 4,Automatic,Other,112000,,3GTU2PEJ9HG463249,https://media.kijiji.ca/api/v1/autos-prod-ads/images/dc/dc3e6806-0e95-45de-9d14-205fe6f29898?rule=kijijica-640-jpg,,
Porsche,Cayenne,2008,29000,White,,Used,"SUV, Crossover",All-wheel drive (AWD),Automatic,Gasoline,98000,,,https://media.kijiji.ca/api/v1/ca-prod-fsbo-ads/images/30/30274317-69fe-443f-b88f-db9528158ca6?rule=kijijica-640-jpg,,
Ford,Explorer,2022,49996,Grey,,Used,"SUV, Crossover",Other,Automatic,Gasoline,43652,,1FMSK8JH5NGB55059,https://media.kijiji.ca/api/v1/autos-prod-ads/images/5d/5ddfb74d-b6c7-4993-8633-cd13670d7161?rule=kijijica-640-jpg,,
Dodge,Challenger,2023,99999,Red,,Used,Other,Rear-wheel drive (RWD),Automatic,Gasoline,6413,,2C3CDZC98PH558690,https://media.kijiji.ca/api/v1/autos-prod-ads/images/48/48a09ae5-9459-41fc-b6a1-98e9475ae653?rule=kijijica-640-jpg,,
Ford,Maverick,2022,44900,Grey,,Used,Pickup Truck,All-wheel drive (AWD),Automatic,Other,24505,,3FTTW8F90NRA53014,https://media.kijiji.ca/api/v1/autos-prod-ads/images/3f/3fde9b90-d8ef-42c2-a7ad-4014e86ce178?rule=kijijica-640-jpg,,
Dodge,Charger,2019,28900,Black,,Used,Sedan,Rear-wheel drive (RWD),Automatic,Other,124000,,2C3CDXBG3KH510074,https://media.kijiji.ca/api/v1/autos-prod-ads/images/12/12b69246-83c8-4d40-9f01-f96901596db4?rule=kijijica-640-jpg,,
Chevrolet,Silverado 1500,2019,48900,Black,,Used,Other,4 x 4,Automatic,Other,76000,,2GCVKPEC0K1133649,https://media.kijiji.ca/api/v1/autos-prod-ads/images/72/72c694d3-de24-4f7b-8a55-2a547b7fbae8?rule=kijijica-640-jpg,,
Toyota,4Runner,2021,54990,"SUV, Crossover",,Used,4 x 4,Automatic,Gasoline,JTEBU5JR4M5934593,29000,,PA4593,https://media.kijiji.ca/api/v1/autos-prod-ads/images/74/748f3b11-70e8-4f95-8ced-ee426680e956?rule=kijijica-640-jpg,,
Buick,Encore,2018,22596,Red,,Used,"SUV, Crossover",Other,Automatic,Gasoline,79321,,KL4CJ2SBXJB643217,https://media.kijiji.ca/api/v1/autos-prod-ads/images/d3/d37b4886-da24-43fd-b427-e40e99643be9?rule=kijijica-640-jpg,,
Jaguar,F-Pace,2018,33490,Blue,,Used,"SUV, Crossover",All-wheel drive (AWD),Automatic,Gasoline,69000,,SADCJ2GX6JA203984,https://media.kijiji.ca/api/v1/autos-prod-ads/images/9b/9b6959e0-9d84-405f-a573-a6c6cec34ac8?rule=kijijica-640-jpg,,
Ford,Escape,2017,19749,Black,,Used,"SUV, Crossover",4 x 4,Automatic,Gasoline,139300,,1FMCU9J93HUE40619,https://media.kijiji.ca/api/v1/autos-prod-ads/images/21/21b5f631-fe1c-4890-b12a-9b101a03cc88?rule=kijijica-640-jpg,,
Hyundai,Kona,2021,31900,Black,,Used,"SUV, Crossover",All-wheel drive (AWD),Automatic,Other,17011,,KM8K2CAA1MU633404,https://media.kijiji.ca/api/v1/autos-prod-ads/images/9e/9ed23a54-a8e6-4c08-93d3-5ac0b4d01489?rule=kijijica-640-jpg,,
Volkswagen,Tiguan,2023,38989,Silver,,Used,"SUV, Crossover",All-wheel drive (AWD),Automatic,Gasoline,14732,,3VVMB7AX7PM000554,https://media.kijiji.ca/api/v1/autos-prod-ads/images/98/98c87456-135f-4009-a66b-75b0e85e5f8e?rule=kijijica-640-jpg,,
Ford,Bronco II,2022,57995,White,,Used,"SUV, Crossover",4 x 4,Automatic,Gasoline,23290,,1FMDE5BH5NLB25404,https://media.kijiji.ca/api/v1/autos-prod-ads/images/9c/9cc0958d-7b74-484a-982b-557270f37dc5?rule=kijijica-640-jpg,,
BMW,M4,2018,62999,Black,,Used,Sedan,Rear-wheel drive (RWD),Automatic,Gasoline,64893,,WBS4Z9C55JED22992,https://media.kijiji.ca/api/v1/autos-prod-ads/images/b0/b0fef103-4215-42e8-9fc4-5d2704d6ee41?rule=kijijica-640-jpg,,
Jeep,Wrangler,2022,49975,Grey,,Used,"SUV, Crossover",4 x 4,Automatic,Gasoline,49681,,1C4HJXDG2NW131063,https://media.kijiji.ca/api/v1/autos-prod-ads/images/5f/5fb86afd-acbd-4524-80e4-6792f000f057?rule=kijijica-640-jpg,,
Ford,Ranger,2020,37990,Red,,Used,Pickup Truck,4 x 4,Automatic,Gasoline,70044,,1FTER4FH7LLA18076,https://media.kijiji.ca/api/v1/autos-prod-ads/images/83/836c76ea-d90b-41ce-88f3-9feee459c19e?rule=kijijica-640-jpg,,
Porsche,911,2019,129790,Grey,,Used,Sedan,All-wheel drive (AWD),Automatic,Gasoline,13715,,WP0AA2A90KS104389,https://media.kijiji.ca/api/v1/autos-prod-ads/images/62/629edb7f-233a-4a74-b504-4bab77d20937?rule=kijijica-640-jpg,,
Hyundai,Sonata,2021,27444,White,,Used,Sedan,Other,Gasoline,5NPEG4JA3MH127365,80702,,PA7365,https://media.kijiji.ca/api/v1/autos-prod-ads/images/0f/0f097278-db11-4bd1-a0b6-1fb9eacf96e1?rule=kijijica-640-jpg,,
GMC,Terrain,2019,26990,Blue,,Used,"SUV, Crossover",All-wheel drive (AWD),Automatic,Gasoline,61560,,3GKALTEV1KL301095,https://media.kijiji.ca/api/v1/autos-prod-ads/images/c5/c5e693b0-52c2-4025-b596-fcbfdf50efc6?rule=kijijica-640-jpg,,
Jeep,Grand Cherokee,2021,59877,Red,,Used,"SUV, Crossover",4 x 4,Automatic,Gasoline,65097,,1C4RJKDGXM8127286,https://media.kijiji.ca/api/v1/autos-prod-ads/images/4f/4f55ad19-5328-48a9-8cd7-c6607987deb4?rule=kijijica-640-jpg,,
Nissan,Qashqai,2019,21995,Grey,,Used,"SUV, Crossover",Front-wheel drive (FWD),Manual,Gasoline,84569,,JN1BJ1CP5KW221052,https://media.kijiji.ca/api/v1/autos-prod-ads/images/a3/a3238f73-9be8-45a3-8e7e-e085b439e867?rule=kijijica-640-jpg,,
Honda,Civic,2017,41990,Hatchback,,Used,Front-wheel drive (FWD),Manual,Gasoline,SHHFK8G38HU300481,68650,,S15882A,https://media.kijiji.ca/api/v1/autos-prod-ads/images/6f/6f5e3437-6ca5-4cbe-a49c-6299cd1f9f42?rule=kijijica-640-jpg,,
Ford,Escape,2021,31990,Grey,,Used,"SUV, Crossover",Other,Gasoline,1FMCU9H66MUA72149,55334,,PA2149,https://media.kijiji.ca/api/v1/autos-prod-ads/images/06/06107028-3b26-4a6c-a645-6f114fe5f055?rule=kijijica-640-jpg,,
Lexus,RX,2022,52990,Blue,,Used,"SUV, Crossover",All-wheel drive (AWD),Automatic,Gasoline,21600,,2T2HZMDA6NC318894,https://media.kijiji.ca/api/v1/autos-prod-ads/images/30/301fffa7-691b-4166-8d68-310552d69df0?rule=kijijica-640-jpg,,
Lexus,RX,2017,39990,Black,,Used,"SUV, Crossover",All-wheel drive (AWD),Automatic,Gasoline,98415,,2T2BZMCA2HC089240,https://media.kijiji.ca/api/v1/autos-prod-ads/images/25/2500293e-c78a-44fb-81a3-43b4b39a4c49?rule=kijijica-640-jpg,,
Porsche,Cayenne,2021,119205,Orange,,Used,"SUV, Crossover",All-wheel drive (AWD),Automatic,Gasoline,60147,,WP1BG2AY3MDA49906,https://media.kijiji.ca/api/v1/autos-prod-ads/images/54/54a87849-bc9f-44e4-825b-530963e4c764?rule=kijijica-640-jpg,,
Toyota,Highlander,2020,42990,Other,,Used,"SUV, Crossover",All-wheel drive (AWD),Automatic,Gasoline,60328,,5TDGZRBH9LS522428,https://media.kijiji.ca/api/v1/autos-prod-ads/images/83/83ade1e2-bbeb-43d2-afc1-2d64fc581410?rule=kijijica-640-jpg,,
BMW,3-Series,2009,7500,Sedan,,Used,All-wheel drive (AWD),Automatic,Gasoline,,249000,,,https://media.kijiji.ca/api/v1/ca-prod-fsbo-ads/images/1f/1f0c827c-070c-4447-8034-691325e62a22?rule=kijijica-640-jpg,,
Mazda,Mazda3 Sport,2014,10994,White,,Used,Hatchback,Front-wheel drive (FWD),Manual,Gasoline,180807,,JM1BM1L79E1189504,http://img.youtube.com/vi/PYl85atKbLM/sddefault.jpg,,
Porsche,911,2016,239990,Purple,,Used,Sedan,Rear-wheel drive (RWD),Automatic,Gasoline,33091,,WP0AF2A93GS192959,https://media.kijiji.ca/api/v1/autos-prod-ads/images/73/7321d0f3-7200-4012-b584-f45f6f73e328?rule=kijijica-640-jpg,,
Ram,1500,2017,31999,Other,,Used,Pickup Truck,4 x 4,Gasoline,1C6RR7FT1HS806590,78000,,F23140TA,https://media.kijiji.ca/api/v1/autos-prod-ads/images/88/883f69ab-0775-4c81-93f3-b204188f1711?rule=kijijica-640-jpg,,
Volkswagen,Tiguan,2018,25495,White,,Used,"SUV, Crossover",All-wheel drive (AWD),Automatic,Gasoline,117249,,3VV2B7AXXJM039847,https://media.kijiji.ca/api/v1/autos-prod-ads/images/08/08a7165c-c450-402e-a0a1-5cb882c0d885?rule=kijijica-640-jpg,,
Jaguar,F-Type,2020,61990,Black,,Used,Sedan,Rear-wheel drive (RWD),Automatic,Gasoline,26787,,SAJDD1EV6LCK68135,https://media.kijiji.ca/api/v1/autos-prod-ads/images/d0/d00fcfbd-1b6a-4f6c-ba2b-fe7f4984db54?rule=kijijica-640-jpg,,
Porsche,Macan,2015,29990,Grey,,Used,"SUV, Crossover",All-wheel drive (AWD),Automatic,Gasoline,145000,,WP1AB2A51FLB41024,https://media.kijiji.ca/api/v1/autos-prod-ads/images/98/983ce46f-58e3-44b7-adb0-c877ea3b0e0e?rule=kijijica-640-jpg,,
Toyota,Highlander,2021,62990,Blue,,Used,"SUV, Crossover",All-wheel drive (AWD),Automatic,Gasoline,35234,,5TDFZRBH6MS126163,http://img.youtube.com/vi/bX-kyvbBPiA/sddefault.jpg,,
Mitsubishi,RVR,2020,23990,Black,,Used,"SUV, Crossover",4 x 4,Automatic,Gasoline,104040,,JA4AJ3AU2LU605617,https://media.kijiji.ca/api/v1/autos-prod-ads/images/3f/3f08f5f2-7aaa-4f2d-b7d1-3e953fd161de?rule=kijijica-640-jpg,,
Dodge,Power Ram 1500,2013,20000,,,Used,,,,,278506,,,https://media.kijiji.ca/api/v1/ca-prod-fsbo-ads/images/29/29807ed4-3a03-42a5-87f5-6299117ca77b?rule=kijijica-640-jpg,,
Toyota,Camry,2005,8150,Sedan,,Used,Automatic,Gasoline,,,163000,,,https://media.kijiji.ca/api/v1/ca-prod-fsbo-ads/images/48/48106361-68ee-42d2-ad1b-48b41c828af5?rule=kijijica-640-jpg,,
Audi,RS5,2018,60495,Other,,Used,Sedan,All-wheel drive (AWD),Automatic,Gasoline,113754,,WUARWAF59JA903860,https://media.kijiji.ca/api/v1/autos-prod-ads/images/4e/4e98b0c4-f7cf-425b-a690-f9a2a8645d18?rule=kijijica-640-jpg,,
Ford,GT,2023,55900,Black,,Used,Sedan,Rear-wheel drive (RWD),Manual,Gasoline,7793,,1FA6P8CF8P5305849,https://media.kijiji.ca/api/v1/autos-prod-ads/images/c2/c23c0c51-3c9e-401c-935d-1600686ef8ab?rule=kijijica-640-jpg,,
Land Rover,Range Rover Sport,2016,43990,Other,,Used,"SUV, Crossover",4 x 4,Automatic,Gasoline,99990,,SALWR2EF0GA578962,https://media.kijiji.ca/api/v1/autos-prod-ads/images/f8/f8298c9d-5645-4b8d-8dc9-e3d7614702eb?rule=kijijica-640-jpg,,
Volkswagen,Tiguan,2019,27989,Silver,,Used,"SUV, Crossover",All-wheel drive (AWD),Automatic,Gasoline,58012,,3VV2B7AX6KM082065,https://media.kijiji.ca/api/v1/autos-prod-ads/images/00/002e7ee6-3ff9-4049-9a44-ecb004c7f012?rule=kijijica-640-jpg,,
Land Rover,Range Rover,2020,84595,White,,Used,"SUV, Crossover",4 x 4,Automatic,Diesel,36860,,SALGS2RK0LA595030,https://media.kijiji.ca/api/v1/autos-prod-ads/images/91/91e85788-7e4e-4a7d-aa1b-101d5307f345?rule=kijijica-640-jpg,,
Ford,Edge,2016,18990,Grey,,Used,"SUV, Crossover",All-wheel drive (AWD),Automatic,Gasoline,128706,,2FMPK4G94GBC38460,https://media.kijiji.ca/api/v1/autos-prod-ads/images/19/19d5be3c-1aff-4201-8dd7-191459386e02?rule=kijijica-640-jpg,,
Chevrolet,Silverado 1500,2021,53990,Black,,Used,Pickup Truck,4 x 4,Automatic,Gasoline,56875,,3GCPYFEDXMG250305,https://media.kijiji.ca/api/v1/autos-prod-ads/images/a7/a77c3a16-bcfb-493a-900d-bfc5867ae963?rule=kijijica-640-jpg,,
Audi,A6,2014,23990,White,,Used,Sedan,All-wheel drive (AWD),Automatic,Diesel,131000,,WAUHMCFC1EN012871,https://media.kijiji.ca/api/v1/autos-prod-ads/images/29/29cc5702-71d1-4b06-bc8a-9da68e3fa3cb?rule=kijijica-640-jpg,,
BMW,M2,2021,72995,Black,,Used,Sedan,Rear-wheel drive (RWD),Gasoline,WBS2U7C09M7J21780,9420,,PPT21780,https://media.kijiji.ca/api/v1/autos-prod-ads/images/ec/ec693b17-2973-486f-b81c-4ab5753534e4?rule=kijijica-640-jpg,,
Nissan,Murano,2010,7400,4 x 4,,Used,Automatic,Gasoline,,,178000,,,https://media.kijiji.ca/api/v1/ca-prod-fsbo-ads/images/5e/5e627cde-d68a-49de-910d-01aa1f26ecec?rule=kijijica-640-jpg,,
Volkswagen,Tiguan,2012,10500,"SUV, Crossover",,Used,All-wheel drive (AWD),Automatic,Gasoline,,197000,,,https://media.kijiji.ca/api/v1/ca-prod-fsbo-ads/images/2d/2de9788f-1bbe-40f7-93ee-0c7970f654ee?rule=kijijica-640-jpg,,
GMC,Sierra 1500,2010,8000,,,Used,,,,,220000,,,https://media.kijiji.ca/api/v1/ca-prod-fsbo-ads/images/62/62bf94f1-c310-40af-a0e6-088149a0ef5e?rule=kijijica-640-jpg,,
Chevrolet,Cruze,2013,2500,Manual,,Used,,,,,150000,,,https://media.kijiji.ca/api/v1/ca-prod-fsbo-ads/images/18/18d71033-2ce3-4873-bce9-ccb17e22d087?rule=kijijica-640-jpg,,
Toyota,Yaris,2008,1500,Hatchback,,Used,Front-wheel drive (FWD),Automatic,Gasoline,JTDKT923185817680,172506,,,https://media.kijiji.ca/api/v1/ca-prod-fsbo-ads/images/ec/ec5c74f7-ec7b-4ff5-a5bf-878ac5845e70?rule=kijijica-640-jpg,,
Honda,Fit,2008,2000,Hatchback,,Used,Automatic,,,,196000,,,https://media.kijiji.ca/api/v1/ca-prod-fsbo-ads/images/3a/3aca7064-acf9-454e-9bdb-eae2e6bda762?rule=kijijica-640-jpg,,
Dodge,Power Ram 1500,2007,1000,,,Used,,,,,200000,,,https://media.kijiji.ca/api/v1/ca-prod-fsbo-ads/images/49/49d887f5-a0ae-4146-adc3-0a8bae109c26?rule=kijijica-640-jpg,,
Porsche,Cayenne,2011,18000,,,Used,,,,,199000,,,https://media.kijiji.ca/api/v1/ca-prod-fsbo-ads/images/5b/5b0b19e0-2bc1-401e-b8d4-009ff02f1d55?rule=kijijica-640-jpg,,
GMC,Sierra 1500,2019,56990,Blue,,Used,Pickup Truck,4 x 4,Automatic,Gasoline,84000,,1GTU9FEL5KZ407307,https://media.kijiji.ca/api/v1/ca-prod-fsbo-ads/images/37/37cb9c4c-c078-4b39-a03e-a454b055f7eb?rule=kijijica-640-jpg,,
Hyundai,Santa Fe,2016,25749,Black,,Used,"SUV, Crossover",All-wheel drive (AWD),Automatic,Gasoline,84442,,KM8SNDHF0GU135083,https://media.kijiji.ca/api/v1/autos-prod-ads/images/0c/0c4d2239-3fb8-47ee-a76b-fdbe36891a7d?rule=kijijica-640-jpg,,
Honda,Ridgeline,2019,35900,White,,Used,Pickup Truck,All-wheel drive (AWD),Automatic,Gasoline,115815,,5FPYK3F56KB506249,https://media.kijiji.ca/api/v1/autos-prod-ads/images/57/57e97906-8bf1-4873-8a63-5d47ede61604?rule=kijijica-640-jpg,,
Kia,Optima,2019,17999,Black,,Used,Sedan,Front-wheel drive (FWD),Automatic,Gasoline,159423,,5XXGT4L38KG275913,https://media.kijiji.ca/api/v1/autos-prod-ads/images/f2/f2a7357a-9662-4ba1-ad3d-916050518926?rule=kijijica-640-jpg,,
Ram,1500,2013,17899,Red,,Used,Pickup Truck,4 x 4,Automatic,Gasoline,136292,,1C6RR7GT2DS558830,https://media.kijiji.ca/api/v1/autos-prod-ads/images/77/771009ef-2489-487f-8d96-feb3644c8480?rule=kijijica-640-jpg,,
alfaromeo,Sport,2018,29990,"SUV, Crossover",,Used,All-wheel drive (AWD),Automatic,Gasoline,ZASFAKPN4J7C20102,83629,,PA0102,https://media.kijiji.ca/api/v1/autos-prod-ads/images/91/915012cd-a600-4980-9d61-a44a58699214?rule=kijijica-640-jpg,,
Nissan,Altima,2011,3300,Grey,,Used,Sedan,Front-wheel drive (FWD),Other,Gasoline,235000,,1N4AL2AP7BC132389,https://media.kijiji.ca/api/v1/ca-prod-fsbo-ads/images/ad/ad3dbfba-6fa1-4764-a3f4-0618db101407?rule=kijijica-640-jpg,,
Land Rover,Discovery,2019,45990,Black,,Used,"SUV, Crossover",4 x 4,Automatic,Gasoline,76517,,SALRT2RV9K2412992,https://media.kijiji.ca/api/v1/autos-prod-ads/images/1b/1b6e6d84-858d-445e-aeb9-19da0889d809?rule=kijijica-640-jpg,,
Mazda,3,2021,25988,Grey,,Used,Sedan,Front-wheel drive (FWD),Automatic,Gasoline,73788,,JM1BPADL6M1324486,,,
Toyota,Venza,2009,11999,"SUV, Crossover",,Used,Front-wheel drive (FWD),Automatic,Gasoline,,185000,,,,,
GMC,Yukon,2019,64500,Black,,Used,"SUV, Crossover",4 x 4,Automatic,Gasoline,53000,,,,,
Jaguar,F-Pace,2020,49990,White,,Used,"SUV, Crossover",All-wheel drive (AWD),Automatic,Gasoline,11000,,SADCX2GX0LA660498,,,
Chevrolet,Silverado 1500,2014,12500,Pickup Truck,,Used,Front-wheel drive (FWD),Automatic,Gasoline,,197000,,,,,
Jeep,Grand Cherokee,2019,35920,Black,,Used,"SUV, Crossover",Other,Gasoline,1C4RJFBG3KC649231,96614,,S29231,,,
Toyota,Corolla,2009,0,,,Used,,,,,250000,,,,,
Jeep,Wrangler Unlimited,2024,69240,Blue,,New,"SUV, Crossover",Other,Automatic,Gasoline,0,,1C4PJXEN5RW170289,,,
Jeep,Wrangler Unlimited,2024,61155,Black,,New,"SUV, Crossover",Other,Automatic,Gasoline,0,,1C4PJXDN7RW165550,,,
Jeep,Wrangler,2024,69945,Black,,New,"SUV, Crossover",Other,Automatic,Gasoline,0,,1C4PJXCG7RW177782,,,
Jeep,Wrangler Unlimited,2024,68835,Black,,New,"SUV, Crossover",Other,Automatic,Gasoline,0,,1C4PJXEN1RW170287,,,
Jeep,Wrangler Unlimited,2024,61155,Other,,New,"SUV, Crossover",Other,Automatic,Gasoline,0,,1C4PJXDN9RW165551,,,
Jeep,Wrangler,2024,70445,Silver,,New,"SUV, Crossover",Other,Automatic,Gasoline,0,,1C4PJXCG9RW177783,,,
Hyundai,Elantra,2017,16877,Black,,Used,Sedan,Other,Gasoline,KMHD84LF0HU308321,139996,,S18321,,,
Land Rover,Range Rover Sport,2007,12500,,,Used,,,,,135000,,,,,
Chevrolet,Cruze,2015,12282,White,,Used,Sedan,Other,Automatic,Gasoline,108380,,1G1PC5SB4F7224673,,,
Dodge,Journey,2017,23489,Grey,,Used,"SUV, Crossover",Other,Gasoline,3C4PDDFG8HT610046,887400,,S10046,,,
Ram,1500,2016,29877,Black,,Used,Pickup Truck,Other,Gasoline,1C6RR7MT5GS137130,147500,,N442816A,,,
Chevrolet,Other,2015,10998,White,,Used,Hatchback,Front-wheel drive (FWD),Automatic,Electric,78364,,KL8CL6S00FC704459,,,
Jeep,Wrangler,2019,42877,White,,Used,"SUV, Crossover",Other,Gasoline,1C4HJXEN9KW596951,100247,,PA6951,,,
Jeep,Grand Cherokee,2021,57491,Red,,Used,"SUV, Crossover",Other,Gasoline,1C4RJKDGXM8127286,65097,,PA7286,,,
Audi,A6,2014,23890,White,,Used,Sedan,All-wheel drive (AWD),Automatic,Diesel,131000,,WAUHMCFC1EN012871,,,
Mitsubishi,Outlander,2023,51999,White,,Used,"SUV, Crossover",4 x 4,Automatic,Hybrid-Electric,17728,,JA4T5UA98PZ615155,,,
Toyota,RAV4,2017,26749,White,,Used,"SUV, Crossover",All-wheel drive (AWD),Automatic,Gasoline,84930,,2T3RFREV3HW585422,,,
Honda,Civic,2017,39899,Hatchback,,Used,Front-wheel drive (FWD),Manual,Gasoline,SHHFK8G38HU300481,68650,,S15882A,,,
Hyundai,Elantra,2020,20987,Grey,,Used,Sedan,Other,Gasoline,KMHD84LF9LU956782,92572,,PA6782,,,
Honda,CR-V,2018,27924,Red,,Used,"SUV, Crossover",Other,Gasoline,2HKRW2H54JH106022,125220,,PA6022,,,
Volkswagen,Tiguan,2015,6000,"SUV, Crossover",,Used,,,,,198860,,,,,
Nissan,Leaf,2016,13951,Silver,,Used,Hatchback,Other,Electric,1N4AZ0CP0GC306472,79638,,S16472,,,
Kia,Sorento,2020,33987,Blue,,Used,"SUV, Crossover",Other,Gasoline,5XYPHDA51LG704523,70916,,N620645A,,,
Jeep,Wrangler,2019,39877,Grey,,Used,"SUV, Crossover",Other,Gasoline,1C4HJXDG9KW628591,95581,,S18591,,,
Ford,Edge,2022,41204,White,,Used,"SUV, Crossover",All-wheel drive (AWD),Automatic,Gasoline,29851,,2FMPK4K98NBA49508,,,
ALC-35868,,White,20790,,,,,,,,0,,,,,
Nissan,Leaf,2016,13951,Silver,,Used,Hatchback,Other,Electric,1N4AZ0CP0GC306472,79638,,S16472,,,
Jeep,Wrangler,2018,29995,Black,,Used,"SUV, Crossover",Other,Gasoline,1C4BJWEG5JL801358,120540,,S26469A,,,
Jeep,Wrangler,2016,31987,Grey,,Used,Convertible,4 x 4,Manual,Gasoline,43667,,1C4AJWAG5GL263576,,,
GMC,Sierra 1500,2015,16500,White,,Used,Pickup Truck,4 x 4,Automatic,Gasoline,203350,,,,,
Toyota,Sienna,2018,31990,Silver,,Used,"Minivan, Van",Front-wheel drive (FWD),Automatic,Gasoline,118104,,5TDZZ3DC0JS960145,,,
Hyundai,Kona,2021,27413,Red,,Used,"SUV, Crossover",All-wheel drive (AWD),Automatic,Gasoline,72297,,KM8K3CA58MU623758,,,
Hyundai,Tucson,2019,24995,White,,Used,"SUV, Crossover",All-wheel drive (AWD),Automatic,Gasoline,158547,,KM8J3CA45KU002395,,,
Ford,Mustang,2018,44999,Coupe (2 door),,Used,,,,,59000,,,,,
Porsche,911,2008,65996,Yellow,,Used,Convertible,Other,Manual,Gasoline,68000,,WP0CB29938S776644,,,
Honda,CR-V,2018,27924,Red,,Used,"SUV, Crossover",Other,Gasoline,2HKRW2H54JH106022,125220,,PA6022,,,
Volkswagen,Tiguan,2015,6000,"SUV, Crossover",,Used,,,,,198860,,,,,
Jeep,Cherokee,2022,48400,White,,Used,"SUV, Crossover",4 x 4,Automatic,Gasoline,5889,,1C4PJMBX2ND555416,,,
Chrysler,PT Cruiser,2005,9995,Silver,,Used,"SUV, Crossover",Front-wheel drive (FWD),Automatic,Gasoline,102633,,3C3AY75S65T621919,,,
Ram,1500,2019,43547,Other,,Used,Pickup Truck,Other,Automatic,Gasoline,99330,,1C6SRFJT2KN501690,,,
Hyundai,Elantra,2020,20987,Grey,,Used,Sedan,Other,Gasoline,KMHD84LF9LU956782,92572,,PA6782,,,
Jeep,Wrangler,2023,62399,Silver,,Used,Convertible,4 x 4,Automatic,Hybrid-Electric,23189,,1C4JJXP62PW535956,,,
Ford,Explorer,2017,22900,White,,Used,"SUV, Crossover",4 x 4,Automatic,Gasoline,166484,,1FM5K8F87HGA38593,,,
Jeep,Cherokee,2022,38900,Blue,,Used,"SUV, Crossover",4 x 4,Automatic,Gasoline,16611,,1C4PJMBX0ND545192,,,
Chrysler,Pacifica,2021,31998,White,,Used,Other,Front-wheel drive (FWD),Automatic,Gasoline,94467,,2C4RC1BG7MR583144,,,
Ford,Bronco II,2022,65941,Orange,,Used,"SUV, Crossover",4 x 4,Gasoline,1FMEE5DP6NLB57562,19341,,P6198A,,,
Lexus,RX,2022,51990,Blue,,Used,"SUV, Crossover",All-wheel drive (AWD),Automatic,Gasoline,21600,,2T2HZMDA6NC318894,,,
Nissan,Rogue,2021,29999,White,,Used,"SUV, Crossover",Other,Gasoline,5N1AT3BB7MC741824,84659,,C16851,,,
Land Rover,Other,2017,25853,Black,,Used,"SUV, Crossover",Other,Gasoline,SALCT2BGXHH646386,108569,,N240984A,,,
Chrysler,Other,2022,47888,Grey,,Used,"Minivan, Van",Front-wheel drive (FWD),Automatic,Gasoline,24708,,2C4RC1ZG8NR133851,,,
Jeep,Cherokee,2019,27999,Black,,Used,"SUV, Crossover",4 x 4,Automatic,Gasoline,133953,,1C4PJMBXXKD334657,,,
Honda,Civic,2017,39899,Hatchback,,Used,Front-wheel drive (FWD),Manual,Gasoline,SHHFK8G38HU300481,68650,,S15882A,,,
Hyundai,Santa Fe,2021,32555,Silver,,Used,"SUV, Crossover",Other,Gasoline,5NMS3DAJXMH353964,83202,,PA3914,,,
Hyundai,Kona,2021,31900,Black,,Used,"SUV, Crossover",All-wheel drive (AWD),Automatic,Other,17011,,KM8K2CAA1MU633404,,,
Land Rover,Range Rover Sport,2019,55995,Other,,Used,"SUV, Crossover",Other,Diesel,SALWR2RK9KA826710,125001,,N437881A,,,
Ford,F-150,2018,22995,White,,Used,Pickup Truck,4 x 4,Automatic,Gasoline,235128,,1ftfw1e52jfd05677,,,
Chrysler,Pacifica,2021,31998,Silver,,Used,Other,Front-wheel drive (FWD),Automatic,Gasoline,81166,,2C4RC1BG0MR583048,,,
Ford,Edge,2022,41995,Grey,,Used,"SUV, Crossover",Other,Gasoline,2FMPK4K9XNBA69114,49588,,PA9114,,,
Land Rover,Range Rover,2017,48990,Black,,Used,"SUV, Crossover",4 x 4,Automatic,Gasoline,117021,,SALGS2FE7HA364809,,,
Ford,F-250,2016,39900,Red,,Used,Other,4 x 4,Automatic,Gasoline,92561,,1FT7W2B63GEC35659,,,
Ford,Escape,2013,10900,Black,,Used,"SUV, Crossover",4 x 4,Automatic,Gasoline,287447,,1FMCU9J94DUB18260,,,
Jeep,Grand Cherokee,2022,62975,Grey,,Used,"SUV, Crossover",4 x 4,Hybrid-Electric,1C4RJYB69N8734715,9958,,U3618,,,
Chevrolet,Corvette,2023,126996,Red,,Used,Convertible,Other,Automatic,Gasoline,5000,,1G1YB3D48P5137706,,,
Mazda,Mazda3 Sport,2014,10494,White,,Used,Hatchback,Front-wheel drive (FWD),Manual,Gasoline,180807,,JM1BM1L79E1189504,,,
Hyundai,Santa Fe,2021,32799,Silver,,Used,"SUV, Crossover",All-wheel drive (AWD),Automatic,Gasoline,75249,,5NMS3DAJ5MH355699,,,
Ford,F-150 Raptor,2022,93157,Blue,,Used,Pickup Truck,Other,Automatic,Gasoline,15660,,1FTFW1RG7NFC41184,,,
Ford,EcoSport,2020,24749,Grey,,Used,"SUV, Crossover",4 x 4,Automatic,Gasoline,47561,,MAJ6S3KL4LC383379,,,
Jaguar,F-Type,2020,60990,Black,,Used,Sedan,Rear-wheel drive (RWD),Automatic,Gasoline,26787,,SAJDD1EV6LCK68135,,,
Chevrolet,Equinox,2020,29990,Black,,Used,"SUV, Crossover",Other,Gasoline,2GNAXYEX7L6191309,76171,,PL1309,,,
Chrysler,Town & Country,2015,10995,White,,Used,"Minivan, Van",Front-wheel drive (FWD),Automatic,Other,201098,,2c4rc1bg2fr501856,,,
Toyota,Corolla,2022,29850,Blue,,Used,Sedan,Front-wheel drive (FWD),Automatic,Gasoline,13000,,,,,
Honda,HR-V,2017,23999,White,,Used,"SUV, Crossover",All-wheel drive (AWD),Automatic,Gasoline,112110,,3CZRU6H54HM101298,,,
Audi,A5,2018,36500,Grey,,Used,Hatchback,Automatic,Gasoline,,62000,,,,,
Nissan,Sentra,2021,26499,Red,,Used,Sedan,Front-wheel drive (FWD),Automatic,Gasoline,74000,,3N1AB8CV5MY254791,,,
GMC,Yukon,2019,64500,Black,,Used,"SUV, Crossover",4 x 4,Automatic,Gasoline,53000,,,,,
Jaguar,F-Pace,2020,49990,White,,Used,"SUV, Crossover",All-wheel drive (AWD),Automatic,Gasoline,11000,,SADCX2GX0LA660498,,,
Hyundai,VENUE,2021,24725,Blue,,Used,"SUV, Crossover",Other,Automatic,Gasoline,74278,,KMHRC8A32MU101878,,,
Mazda,3,2021,25988,Grey,,Used,Sedan,Front-wheel drive (FWD),Automatic,Gasoline,73788,,JM1BPADL6M1324486,,,
Acura,TLX,2015,21749,Blue,,Used,Sedan,All-wheel drive (AWD),Automatic,Gasoline,104575,,19UUB3F78FA804228,,,
Hyundai,Elantra,2023,33990,Grey,,Used,Sedan,Front-wheel drive (FWD),Automatic,Gasoline,5252,,KMHLN4AG5PU476860,,,
Cadillac,CT5,2020,37900,White,,Used,Sedan,All-wheel drive (AWD),Automatic,Gasoline,44551,,1G6DT5RK4L0124242,,,
Chevrolet,Silverado 2500,2022,88995,Black,,Used,Pickup Truck,4 x 4,Automatic,Diesel,53500,,2gc4yrey0n1205018,,,
Volkswagen,Tiguan,2016,17999,Silver,,Used,"SUV, Crossover",All-wheel drive (AWD),Automatic,Gasoline,129155,,WVGJV7AX2GW508077,,,
Mazda,3,2018,20995,Red,,Used,Sedan,Front-wheel drive (FWD),Automatic,Gasoline,98571,,JM1BN1W34J1168835,,,
Other,Other,2022,24900,Other,,Used,Other,Other,Other,5ZT22CKEC6NY02222,1,,,,,
GMC,Sierra 1500,2019,20500,Silver,,Used,Pickup Truck,4 x 4,Automatic,Gasoline,192376,,2gtv2lec5k1107069,,,
Chevrolet,Silverado 1500,2020,44995,Black,,Used,Pickup Truck,4 x 4,Automatic,Gasoline,78449,,1GCPYCEF0LZ279777,,,
Toyota,Highlander,2021,62990,Blue,,Used,"SUV, Crossover",All-wheel drive (AWD),Automatic,Gasoline,35234,,5TDFZRBH6MS126163,,,
Nissan,Rogue,2016,17995,White,,Used,"SUV, Crossover",All-wheel drive (AWD),Automatic,Gasoline,115040,,5N1AT2MV4GC804416,,,
Chevrolet,Express,2021,43999,White,,Used,"Minivan, Van",Rear-wheel drive (RWD),Automatic,Gasoline,67887,,1GCWGBFP1M1189506,,,
Mercedes-Benz,GL-Class,2012,19870,White,,Used,"SUV, Crossover",All-wheel drive (AWD),Automatic,Diesel,140000,,,,,
Toyota,Venza,2009,11999,"SUV, Crossover",,Used,Front-wheel drive (FWD),Automatic,Gasoline,,185000,,,,,
Lincoln,Mark LT,2007,5000,Pickup Truck,,Used,4 x 4,Automatic,Gasoline,,280000,,,,,
Jeep,Wrangler Unlimited,2024,68835,Black,,New,"SUV, Crossover",Other,Automatic,Gasoline,0,,1C4PJXEN1RW170287,,,
Chevrolet,Silverado 1500,2014,12500,Pickup Truck,,Used,Front-wheel drive (FWD),Automatic,Gasoline,,197000,,,,,
Jeep,Grand Cherokee,2019,35920,Black,,Used,"SUV, Crossover",Other,Gasoline,1C4RJFBG3KC649231,96614,,S29231,,,
Toyota,Corolla,2009,0,,,Used,,,,,250000,,,,,
Jeep,Wrangler Unlimited,2024,69240,Blue,,New,"SUV, Crossover",Other,Automatic,Gasoline,0,,1C4PJXEN5RW170289,,,
Jeep,Wrangler Unlimited,2024,61155,Black,,New,"SUV, Crossover",Other,Automatic,Gasoline,0,,1C4PJXDN7RW165550,,,
Jeep,Wrangler,2024,69945,Black,,New,"SUV, Crossover",Other,Automatic,Gasoline,0,,1C4PJXCG7RW177782,,,
Jeep,Wrangler Unlimited,2024,61155,Other,,New,"SUV, Crossover",Other,Automatic,Gasoline,0,,1C4PJXDN9RW165551,,,
Jeep,Wrangler,2024,70445,Silver,,New,"SUV, Crossover",Other,Automatic,Gasoline,0,,1C4PJXCG9RW177783,,,
Hyundai,Elantra,2017,16877,Black,,Used,Sedan,Other,Gasoline,KMHD84LF0HU308321,139996,,S18321,,,
Land Rover,Range Rover Sport,2007,12500,,,Used,,,,,135000,,,,,
Chevrolet,Cruze,2015,12282,White,,Used,Sedan,Other,Automatic,Gasoline,108380,,1G1PC5SB4F7224673,,,
Dodge,Journey,2017,23489,Grey,,Used,"SUV, Crossover",Other,Gasoline,3C4PDDFG8HT610046,887400,,S10046,,,
Ram,1500,2016,29877,Black,,Used,Pickup Truck,Other,Gasoline,1C6RR7MT5GS137130,147500,,N442816A,,,
Chevrolet,Other,2015,10998,White,,Used,Hatchback,Front-wheel drive (FWD),Automatic,Electric,78364,,KL8CL6S00FC704459,,,
Jeep,Wrangler,2019,42877,White,,Used,"SUV, Crossover",Other,Gasoline,1C4HJXEN9KW596951,100247,,PA6951,,,
Jeep,Grand Cherokee,2021,57491,Red,,Used,"SUV, Crossover",Other,Gasoline,1C4RJKDGXM8127286,65097,,PA7286,,,
Audi,A6,2014,23890,White,,Used,Sedan,All-wheel drive (AWD),Automatic,Diesel,131000,,WAUHMCFC1EN012871,,,
Mitsubishi,Outlander,2023,51999,White,,Used,"SUV, Crossover",4 x 4,Automatic,Hybrid-Electric,17728,,JA4T5UA98PZ615155,,,
Toyota,RAV4,2017,26749,White,,Used,"SUV, Crossover",All-wheel drive (AWD),Automatic,Gasoline,84930,,2T3RFREV3HW585422,,,
Ford,Escape,2017,19749,Black,,Used,"SUV, Crossover",4 x 4,Automatic,Gasoline,139300,,1FMCU9J93HUE40619,https://media.kijiji.ca/api/v1/autos-prod-ads/images/21/21b5f631-fe1c-4890-b12a-9b101a03cc88?rule=kijijica-640-jpg,,
Subaru,BRZ,2023,36986,Blue,,Used,Sedan,Rear-wheel drive (RWD),Manual,Gasoline,7155,,JF1ZDBE15P9703257,https://media.kijiji.ca/api/v1/autos-prod-ads/images/16/1611a230-c116-48de-9705-2eefb08de9bb?rule=kijijica-640-jpg,,
Nissan,Rogue,2019,23995,Blue,,Used,"SUV, Crossover",Other,Gasoline,5N1AT2MV9KC741712,123873,,S11712,https://media.kijiji.ca/api/v1/autos-prod-ads/images/10/10f86308-e051-4c85-af48-e25b81ad1472?rule=kijijica-640-jpg,,
Ford,Fiesta,2019,16749,Blue,,Used,Hatchback,Front-wheel drive (FWD),Manual,Gasoline,81698,,3FADP4EJ8KM108202,https://media.kijiji.ca/api/v1/autos-prod-ads/images/26/263caf41-0ebf-4fe4-9430-520f301e9d65?rule=kijijica-640-jpg,,
Ford,Other,2019,45998,White,,Used,Pickup Truck,Other,Automatic,Gasoline,84232,,1FDXE4FS3KDC42322,https://media.kijiji.ca/api/v1/autos-prod-ads/images/67/6743a4f2-daef-4e41-a1ad-692257f9823b?rule=kijijica-640-jpg,,
Other,Other,2022,24900,Other,,Used,Other,Other,Other,5ZT22CKEC6NY02222,1,,,https://media.kijiji.ca/api/v1/autos-prod-ads/images/63/63d46461-2dcf-4482-9666-71351bfdd839?rule=kijijica-640-jpg,,
Jeep,Cherokee,2022,48400,White,,Used,"SUV, Crossover",4 x 4,Automatic,Gasoline,5889,,1C4PJMBX2ND555416,https://media.kijiji.ca/api/v1/autos-prod-ads/images/d1/d1cdae4d-5e15-49b3-8cc6-bc917cccb7a2?rule=kijijica-640-jpg,,
Chevrolet,Suburban,2019,47996,Black,,Used,"SUV, Crossover",Other,Automatic,Other,118749,,1GNSKGKC6KR342965,https://media.kijiji.ca/api/v1/autos-prod-ads/images/ba/ba3e95c5-b331-45a4-a49d-1100db520174?rule=kijijica-640-jpg,,
Ford,GT,2023,55900,Black,,Used,Sedan,Rear-wheel drive (RWD),Manual,Gasoline,7793,,1FA6P8CF8P5305849,https://media.kijiji.ca/api/v1/autos-prod-ads/images/c2/c23c0c51-3c9e-401c-935d-1600686ef8ab?rule=kijijica-640-jpg,,
Chevrolet,Equinox,2021,30678,White,,Used,"SUV, Crossover",Other,Gasoline,2GNAXUEV3M6161412,81202,,PA1412,https://media.kijiji.ca/api/v1/autos-prod-ads/images/cc/cc65a393-8188-4d58-8944-de126f22d2fb?rule=kijijica-640-jpg,,
Chevrolet,Silverado 1500,2019,39996,Grey,,Used,Other,Other,Automatic,Other,164654,,1GCUYEED8KZ303674,https://media.kijiji.ca/api/v1/autos-prod-ads/images/42/428d4782-9408-4710-b256-8a145a875d7c?rule=kijijica-640-jpg,,
GMC,Savana,2017,21500,,,Used,,,,,132500,,,https://media.kijiji.ca/api/v1/ca-prod-fsbo-ads/images/0e/0e5d4286-475e-4f81-9489-efa38d070b5b?rule=kijijica-640-jpg,,
Nissan,Sentra,2016,14995,Grey,,Used,Sedan,Front-wheel drive (FWD),Manual,Gasoline,143073,,3N1AB7AP2GL645753,https://media.kijiji.ca/api/v1/autos-prod-ads/images/54/5467c0dc-9cb4-4c2e-a1cc-d755ed89fb10?rule=kijijica-640-jpg,,
Chevrolet,Silverado 1500,2018,31995,White,,Used,Pickup Truck,4 x 4,Automatic,Gasoline,124203,,3GCUKNEC9JG595648,https://media.kijiji.ca/api/v1/autos-prod-ads/images/88/884120a3-ace4-46b2-8366-6f836955e37e?rule=kijijica-640-jpg,,
Jeep,Grand Cherokee,2021,59877,Red,,Used,"SUV, Crossover",4 x 4,Automatic,Gasoline,65097,,1C4RJKDGXM8127286,https://media.kijiji.ca/api/v1/autos-prod-ads/images/4f/4f55ad19-5328-48a9-8cd7-c6607987deb4?rule=kijijica-640-jpg,,
Ram,1500,2018,32093,Red,,Used,Pickup Truck,4 x 4,Automatic,Gasoline,134509,,1C6RR7LT1JS170179,https://media.kijiji.ca/api/v1/autos-prod-ads/images/61/61cb1e3c-d050-4ee2-a01d-af00c45d47b3?rule=kijijica-640-jpg,,
Ram,2500,2015,36900,White,,Used,Other,4 x 4,Automatic,Diesel,204475,,3C6UR5GL9FG704584,https://media.kijiji.ca/api/v1/autos-prod-ads/images/3b/3b9bdbf0-9720-4e80-827c-13f7ca4896b4?rule=kijijica-640-jpg,,
Jeep,Gladiator,2020,43888,Red,,Used,Other,4 x 4,Automatic,Gasoline,78964,,1C6HJTAG6LL104242,https://media.kijiji.ca/api/v1/autos-prod-ads/images/5f/5ff1f33d-598a-4c5e-8d84-2d19da301673?rule=kijijica-640-jpg,,
Mazda,Mazda3 Sport,2014,10994,White,,Used,Hatchback,Front-wheel drive (FWD),Manual,Gasoline,180807,,JM1BM1L79E1189504,http://img.youtube.com/vi/PYl85atKbLM/sddefault.jpg,,
Ford,Explorer,2022,49996,Grey,,Used,"SUV, Crossover",Other,Automatic,Gasoline,43652,,1FMSK8JH5NGB55059,https://media.kijiji.ca/api/v1/autos-prod-ads/images/5d/5ddfb74d-b6c7-4993-8633-cd13670d7161?rule=kijijica-640-jpg,,
Chevrolet,Corvette,2021,109987,Blue,,Used,Sedan,Rear-wheel drive (RWD),Automatic,Gasoline,6528,,1G1YB2D48M5111077,https://media.kijiji.ca/api/v1/autos-prod-ads/images/4f/4fece505-b6f8-46e7-9bf7-27b1a8495f11?rule=kijijica-640-jpg,,
Land Rover,Discovery,2019,45990,Black,,Used,"SUV, Crossover",4 x 4,Automatic,Gasoline,76517,,SALRT2RV9K2412992,https://media.kijiji.ca/api/v1/autos-prod-ads/images/1b/1b6e6d84-858d-445e-aeb9-19da0889d809?rule=kijijica-640-jpg,,
Porsche,Macan,2015,29990,Grey,,Used,"SUV, Crossover",All-wheel drive (AWD),Automatic,Gasoline,145000,,WP1AB2A51FLB41024,https://media.kijiji.ca/api/v1/autos-prod-ads/images/98/983ce46f-58e3-44b7-adb0-c877ea3b0e0e?rule=kijijica-640-jpg,,
Toyota,Highlander,2020,42990,Other,,Used,"SUV, Crossover",All-wheel drive (AWD),Automatic,Gasoline,60328,,5TDGZRBH9LS522428,https://media.kijiji.ca/api/v1/autos-prod-ads/images/83/83ade1e2-bbeb-43d2-afc1-2d64fc581410?rule=kijijica-640-jpg,,
Toyota,4Runner,2021,54990,"SUV, Crossover",,Used,4 x 4,Automatic,Gasoline,JTEBU5JR4M5934593,29000,,PA4593,https://media.kijiji.ca/api/v1/autos-prod-ads/images/74/748f3b11-70e8-4f95-8ced-ee426680e956?rule=kijijica-640-jpg,,
Chevrolet,Suburban,2017,37900,Grey,,Used,"SUV, Crossover",4 x 4,Automatic,Gasoline,140675,,1GNSKHKCXHR185178,https://media.kijiji.ca/api/v1/autos-prod-ads/images/e5/e5ea65fe-a205-49f2-854e-61a66df2602f?rule=kijijica-640-jpg,,
Ford,Explorer,2017,22900,White,,Used,"SUV, Crossover",4 x 4,Automatic,Gasoline,166484,,1FM5K8F87HGA38593,https://media.kijiji.ca/api/v1/autos-prod-ads/images/4c/4cc6398a-b7ba-484c-ac26-867cb61d5e07?rule=kijijica-640-jpg,,
Porsche,911,2019,129790,Grey,,Used,Sedan,All-wheel drive (AWD),Automatic,Gasoline,13715,,WP0AA2A90KS104389,https://media.kijiji.ca/api/v1/autos-prod-ads/images/62/629edb7f-233a-4a74-b504-4bab77d20937?rule=kijijica-640-jpg,,
Volkswagen,Tiguan,2019,27989,Silver,,Used,"SUV, Crossover",All-wheel drive (AWD),Automatic,Gasoline,58012,,3VV2B7AX6KM082065,https://media.kijiji.ca/api/v1/autos-prod-ads/images/00/002e7ee6-3ff9-4049-9a44-ecb004c7f012?rule=kijijica-640-jpg,,
Ford,Escape,2021,31990,Grey,,Used,"SUV, Crossover",Other,Gasoline,1FMCU9H66MUA72149,55334,,PA2149,https://media.kijiji.ca/api/v1/autos-prod-ads/images/06/06107028-3b26-4a6c-a645-6f114fe5f055?rule=kijijica-640-jpg,,
Hyundai,Sonata,2021,27111,White,,Used,Sedan,Other,Gasoline,5NPEG4JA3MH127365,80702,,PA7365,https://media.kijiji.ca/api/v1/autos-prod-ads/images/0f/0f097278-db11-4bd1-a0b6-1fb9eacf96e1?rule=kijijica-640-jpg,,
Audi,A6,2014,23990,White,,Used,Sedan,All-wheel drive (AWD),Automatic,Diesel,131000,,WAUHMCFC1EN012871,https://media.kijiji.ca/api/v1/autos-prod-ads/images/29/29cc5702-71d1-4b06-bc8a-9da68e3fa3cb?rule=kijijica-640-jpg,,
Ford,Escape,2018,23900,Other,,Used,"SUV, Crossover",4 x 4,Gasoline,1FMCU9HD0JUB64111,108864,,F23108A,https://media.kijiji.ca/api/v1/autos-prod-ads/images/bf/bf46eb56-7439-4b49-8a26-c13cf8b51ece?rule=kijijica-640-jpg,,
Ford,Bronco II,2022,57995,White,,Used,"SUV, Crossover",4 x 4,Automatic,Gasoline,23290,,1FMDE5BH5NLB25404,https://media.kijiji.ca/api/v1/autos-prod-ads/images/9c/9cc0958d-7b74-484a-982b-557270f37dc5?rule=kijijica-640-jpg,,
Chevrolet,Silverado 1500,2021,53990,Black,,Used,Pickup Truck,4 x 4,Automatic,Gasoline,56875,,3GCPYFEDXMG250305,https://media.kijiji.ca/api/v1/autos-prod-ads/images/a7/a77c3a16-bcfb-493a-900d-bfc5867ae963?rule=kijijica-640-jpg,,
Ford,Escape,2019,25999,Silver,,Used,"SUV, Crossover",4 x 4,Gasoline,1FMCU9GDXKUC15343,38752,,F10061A,https://media.kijiji.ca/api/v1/autos-prod-ads/images/a6/a6a652fa-a5ba-48fc-8917-0d283e82292b?rule=kijijica-640-jpg,,
BMW,3-Series,2009,7000,Sedan,,Used,All-wheel drive (AWD),Automatic,Gasoline,,249000,,,https://media.kijiji.ca/api/v1/ca-prod-fsbo-ads/images/1f/1f0c827c-070c-4447-8034-691325e62a22?rule=kijijica-640-jpg,,
Ram,1500,2020,39816,White,,Used,Pickup Truck,4 x 4,Automatic,Gasoline,76534,,1C6RR7KT8LS116107,https://media.kijiji.ca/api/v1/autos-prod-ads/images/b8/b8749432-5bd2-4104-95f5-42b4424b3819?rule=kijijica-640-jpg,,
Volkswagen,Tiguan,2018,25495,White,,Used,"SUV, Crossover",All-wheel drive (AWD),Automatic,Gasoline,117249,,3VV2B7AXXJM039847,https://media.kijiji.ca/api/v1/autos-prod-ads/images/08/08a7165c-c450-402e-a0a1-5cb882c0d885?rule=kijijica-640-jpg,,
BMW,M4,2018,62999,Black,,Used,Sedan,Rear-wheel drive (RWD),Automatic,Gasoline,64893,,WBS4Z9C55JED22992,https://media.kijiji.ca/api/v1/autos-prod-ads/images/b0/b0fef103-4215-42e8-9fc4-5d2704d6ee41?rule=kijijica-640-jpg,,
Hyundai,Santa Fe,2016,25749,Black,,Used,"SUV, Crossover",All-wheel drive (AWD),Automatic,Gasoline,84442,,KM8SNDHF0GU135083,https://media.kijiji.ca/api/v1/autos-prod-ads/images/0c/0c4d2239-3fb8-47ee-a76b-fdbe36891a7d?rule=kijijica-640-jpg,,
GMC,Terrain,2019,26990,Blue,,Used,"SUV, Crossover",All-wheel drive (AWD),Automatic,Gasoline,61560,,3GKALTEV1KL301095,https://media.kijiji.ca/api/v1/autos-prod-ads/images/c5/c5e693b0-52c2-4025-b596-fcbfdf50efc6?rule=kijijica-640-jpg,,
Ford,Ranger,2020,37990,Red,,Used,Pickup Truck,4 x 4,Automatic,Gasoline,70044,,1FTER4FH7LLA18076,https://media.kijiji.ca/api/v1/autos-prod-ads/images/83/836c76ea-d90b-41ce-88f3-9feee459c19e?rule=kijijica-640-jpg,,
Ram,1500,2021,107829,Red,,Used,Pickup Truck,4 x 4,Automatic,Gasoline,14819,,1C6SRFU97MN713326,https://media.kijiji.ca/api/v1/autos-prod-ads/images/3b/3bc78971-5e8d-4f4d-b7f8-40e4d9f61a41?rule=kijijica-640-jpg,,
BMW,M2,2021,72995,Black,,Used,Sedan,Rear-wheel drive (RWD),Gasoline,WBS2U7C09M7J21780,9420,,PPT21780,https://media.kijiji.ca/api/v1/autos-prod-ads/images/ec/ec693b17-2973-486f-b81c-4ab5753534e4?rule=kijijica-640-jpg,,
Nissan,Qashqai,2019,21995,Grey,,Used,"SUV, Crossover",Front-wheel drive (FWD),Manual,Gasoline,84569,,JN1BJ1CP5KW221052,https://media.kijiji.ca/api/v1/autos-prod-ads/images/a3/a3238f73-9be8-45a3-8e7e-e085b439e867?rule=kijijica-640-jpg,,
Chrysler,PT Cruiser,2005,9995,Silver,,Used,"SUV, Crossover",Front-wheel drive (FWD),Automatic,Gasoline,102633,,3C3AY75S65T621919,https://media.kijiji.ca/api/v1/autos-prod-ads/images/d4/d4c5d30b-5e7b-44d6-9900-ecfb0c0999f6?rule=kijijica-640-jpg,,
Ford,F-150,2021,62900,Other,,Used,Pickup Truck,4 x 4,Gasoline,1FTFW1ED6MFB73289,21640,,F23105B,https://media.kijiji.ca/api/v1/autos-prod-ads/images/25/25fc144c-6385-4787-909e-a0a12feac558?rule=kijijica-640-jpg,,
Volkswagen,Tiguan,2023,38989,Silver,,Used,"SUV, Crossover",All-wheel drive (AWD),Automatic,Gasoline,14732,,3VVMB7AX7PM000554,https://media.kijiji.ca/api/v1/autos-prod-ads/images/98/98c87456-135f-4009-a66b-75b0e85e5f8e?rule=kijijica-640-jpg,,
Mazda,3,2021,27990,Grey,,Used,Sedan,Front-wheel drive (FWD),Automatic,Gasoline,73788,,JM1BPADL6M1324486,https://media.kijiji.ca/api/v1/autos-prod-ads/images/97/97b9529c-537b-4534-b370-6ca609ca957e?rule=kijijica-640-jpg,,
Jaguar,F-Pace,2018,33490,Blue,,Used,"SUV, Crossover",All-wheel drive (AWD),Automatic,Gasoline,69000,,SADCJ2GX6JA203984,https://media.kijiji.ca/api/v1/autos-prod-ads/images/9b/9b6959e0-9d84-405f-a573-a6c6cec34ac8?rule=kijijica-640-jpg,,
Lexus,RX,2022,52990,Blue,,Used,"SUV, Crossover",All-wheel drive (AWD),Automatic,Gasoline,21600,,2T2HZMDA6NC318894,https://media.kijiji.ca/api/v1/autos-prod-ads/images/30/301fffa7-691b-4166-8d68-310552d69df0?rule=kijijica-640-jpg,,
Porsche,911,2016,239990,Purple,,Used,Sedan,Rear-wheel drive (RWD),Automatic,Gasoline,33091,,WP0AF2A93GS192959,https://media.kijiji.ca/api/v1/autos-prod-ads/images/73/7321d0f3-7200-4012-b584-f45f6f73e328?rule=kijijica-640-jpg,,
Ram,1500,2017,31999,Other,,Used,Pickup Truck,4 x 4,Gasoline,1C6RR7FT1HS806590,78000,,F23140TA,https://media.kijiji.ca/api/v1/autos-prod-ads/images/88/883f69ab-0775-4c81-93f3-b204188f1711?rule=kijijica-640-jpg,,
Lexus,RX,2017,39990,Black,,Used,"SUV, Crossover",All-wheel drive (AWD),Automatic,Gasoline,98415,,2T2BZMCA2HC089240,https://media.kijiji.ca/api/v1/autos-prod-ads/images/25/2500293e-c78a-44fb-81a3-43b4b39a4c49?rule=kijijica-640-jpg,,
Honda,Civic,2017,41990,Hatchback,,Used,Front-wheel drive (FWD),Manual,Gasoline,SHHFK8G38HU300481,68650,,S15882A,https://media.kijiji.ca/api/v1/autos-prod-ads/images/6f/6f5e3437-6ca5-4cbe-a49c-6299cd1f9f42?rule=kijijica-640-jpg,,
Ford,F-150,2020,41900,Silver,,Used,Pickup Truck,4 x 4,Gasoline,1FTEW1E47LFB21728,74459,,P1728,https://media.kijiji.ca/api/v1/autos-prod-ads/images/94/94a0f088-dcd9-495b-aaa5-d39c39f56364?rule=kijijica-640-jpg,,
Porsche,Cayenne,2021,119205,Orange,,Used,"SUV, Crossover",All-wheel drive (AWD),Automatic,Gasoline,60147,,WP1BG2AY3MDA49906,https://media.kijiji.ca/api/v1/autos-prod-ads/images/54/54a87849-bc9f-44e4-825b-530963e4c764?rule=kijijica-640-jpg,,
Land Rover,Range Rover,2020,84595,White,,Used,"SUV, Crossover",4 x 4,Automatic,Diesel,36860,,SALGS2RK0LA595030,https://media.kijiji.ca/api/v1/autos-prod-ads/images/91/91e85788-7e4e-4a7d-aa1b-101d5307f345?rule=kijijica-640-jpg,,
Jaguar,F-Type,2020,61990,Black,,Used,Sedan,Rear-wheel drive (RWD),Automatic,Gasoline,26787,,SAJDD1EV6LCK68135,https://media.kijiji.ca/api/v1/autos-prod-ads/images/d0/d00fcfbd-1b6a-4f6c-ba2b-fe7f4984db54?rule=kijijica-640-jpg,,
Mitsubishi,RVR,2020,23990,Black,,Used,"SUV, Crossover",4 x 4,Automatic,Gasoline,104040,,JA4AJ3AU2LU605617,https://media.kijiji.ca/api/v1/autos-prod-ads/images/3f/3f08f5f2-7aaa-4f2d-b7d1-3e953fd161de?rule=kijijica-640-jpg,,
Chevrolet,Silverado 1500,2014,12225,Red,,Used,Pickup Truck,Rear-wheel drive (RWD),Automatic,Gasoline,201000,,,https://media.kijiji.ca/api/v1/ca-prod-fsbo-ads/images/35/35c3dcdd-4980-44f7-959b-093aeb452041?rule=kijijica-640-jpg,,
Mercedes-Benz,Sprinter Van,2015,42000,Grey,,Used,"Minivan, Van",4 x 4,Automatic,Diesel,180000,,,https://media.kijiji.ca/api/v1/ca-prod-fsbo-ads/images/a2/a2b2833d-d90b-467b-8898-5e77026df109?rule=kijijica-640-jpg,,
Volkswagen,Passat,2013,7500,Sedan,,Used,,,,,162000,,,https://media.kijiji.ca/api/v1/ca-prod-fsbo-ads/images/79/795cad84-9962-4bf8-96d6-27e86b09deeb?rule=kijijica-640-jpg,,
Ram,1500,2024,77300,Red,,New,Pickup Truck,Other,Automatic,Gasoline,0,,1C6SRFLT9RN145634,,,
Hyundai,Sonata,2013,0,Automatic,,Used,Gasoline,,,,220700,,,https://media.kijiji.ca/api/v1/ca-prod-fsbo-ads/images/d0/d0a81cfe-2f32-4d13-bd39-dbc63c7dc0ec?rule=kijijica-640-jpg,,
Ram,1500,2024,76700,Red,,New,Pickup Truck,Other,Automatic,Gasoline,0,,1C6SRFLT0RN145635,,,
Ram,1500,2024,77695,Blue,,New,Pickup Truck,Other,Automatic,Gasoline,0,,1C6SRFLT6RN145638,,,
Ram,1500,2023,54502,Red,,New,Pickup Truck,Other,Automatic,Gasoline,0,,1C6RR7KG2PS593799,,,
Ram,1500,2024,77745,Black,,New,Pickup Truck,Other,Automatic,Gasoline,0,,1C6SRFLT2RN145636,,,
Ram,1500,2024,77300,White,,New,Pickup Truck,Other,Automatic,Gasoline,0,,1C6SRFLT5RN145632,,,
Lincoln,MKX,2013,3000,"SUV, Crossover",,Used,,,,,530000,,,https://media.kijiji.ca/api/v1/ca-prod-fsbo-ads/images/99/9976cc21-a637-451d-8a5d-e8226a4a939b?rule=kijijica-640-jpg,,
Honda,S2000,2005,27500,Coupe (2 door),,Used,Rear-wheel drive (RWD),Manual,Gasoline,JHMAP214X5S008002,112000,,,https://media.kijiji.ca/api/v1/ca-prod-fsbo-ads/images/24/243c5d1f-ae36-4523-9e4e-e9ef5c2ed7ef?rule=kijijica-640-jpg,,
Land Rover,Range Rover Evoque,2020,41990,Silver,,Used,"SUV, Crossover",All-wheel drive (AWD),Automatic,Gasoline,20756,,SALZJ2FXXLH014295,https://media.kijiji.ca/api/v1/autos-prod-ads/images/de/dee8aa16-f9b4-407b-9ab5-da64bf96f750?rule=kijijica-640-jpg,,
Honda,CR-V,2020,29000,,,Used,,,,,60000,,,https://media.kijiji.ca/api/v1/ca-prod-fsbo-ads/images/f0/f0542e29-00fe-47fd-b806-8e774a919763?rule=kijijica-640-jpg,,
Chevrolet,Silverado 1500,2013,12000,,,Used,,,,,190000,,,https://media.kijiji.ca/api/v1/ca-prod-fsbo-ads/images/fc/fcbd9b65-1d1e-4f31-af32-ff5a0288ba7c?rule=kijijica-640-jpg,,
Honda,CR-V,2013,17989,Red,,Used,"SUV, Crossover",All-wheel drive (AWD),Automatic,Gasoline,139254,,2HKRM4H77DH111545,https://media.kijiji.ca/api/v1/autos-prod-ads/images/c6/c69efbef-180d-451a-aaeb-8f8357735194?rule=kijijica-640-jpg,,
Ford,EcoSport,2020,25990,Grey,,Used,"SUV, Crossover",4 x 4,Automatic,Gasoline,47561,,MAJ6S3KL4LC383379,https://media.kijiji.ca/api/v1/autos-prod-ads/images/8e/8e0824f7-af8b-4f7f-ae46-91f6d96657a5?rule=kijijica-640-jpg,,
Ford,Escape,2009,3200,,,Used,,,,,245000,,,https://media.kijiji.ca/api/v1/ca-prod-fsbo-ads/images/e3/e33eee4b-c4e2-45cd-9c9f-4925a9239857?rule=kijijica-640-jpg,,
Cadillac,XTS,2018,28990,Black,,Used,Sedan,All-wheel drive (AWD),Automatic,Gasoline,123000,,2G61N5S33J9172799,https://media.kijiji.ca/api/v1/autos-prod-ads/images/6f/6ff199f2-4f7f-41b1-9258-327aaa46001e?rule=kijijica-640-jpg,,
GMC,Savana,2020,40988,White,,Used,"Minivan, Van",Rear-wheel drive (RWD),Automatic,Other,64467,,1GTW7AFG5L1172488,https://media.kijiji.ca/api/v1/autos-prod-ads/images/08/089ab127-20f3-45a3-90df-9ae32b5082b9?rule=kijijica-640-jpg,,
Toyota,Highlander,2015,23995,Black,,Used,"SUV, Crossover",All-wheel drive (AWD),Automatic,Gasoline,154896,,5TDD5RFH9FS218280,,,
Volkswagen,Golf,2010,7999,Hatchback,,Used,Front-wheel drive (FWD),Manual,Gasoline,,208768,,,https://media.kijiji.ca/api/v1/ca-prod-dealer-ads/images/3a/3a45d3c7-cbc5-40ff-b6e1-4a24ad636448?rule=kijijica-640-jpg,,
Toyota,Camry,2021,33990,Grey,,Used,Sedan,Other,Automatic,Gasoline,62630,,4T1G11AK8MU446845,https://media.kijiji.ca/api/v1/autos-prod-ads/images/f4/f471694d-2ecc-4be2-b805-41b505b8081a?rule=kijijica-640-jpg,,
Honda,Fit,2008,3500,Blue,,Used,Hatchback,Front-wheel drive (FWD),Manual,Gasoline,208127,,JHMGD37498S802686,,,
Ford,Ranger,2007,2900,Black,,Used,Coupe (2 door),Rear-wheel drive (RWD),Automatic,Gasoline,237000,,,https://media.kijiji.ca/api/v1/ca-prod-fsbo-ads/images/7b/7b77877c-b53d-405f-bfc2-0fd8daaaf3ee?rule=kijijica-640-jpg,,
Chevrolet,Corvette,2011,54000,Convertible,,Used,,,,,28000,,,https://media.kijiji.ca/api/v1/ca-prod-fsbo-ads/images/c2/c2aa89c9-66e6-4435-a996-cc4b682356f0?rule=kijijica-640-jpg,,
Toyota,Highlander,2020,44599,Other,,Used,"SUV, Crossover",All-wheel drive (AWD),Automatic,Gasoline,60328,,5TDGZRBH9LS522428,https://media.kijiji.ca/api/v1/autos-prod-ads/images/b6/b6420884-79f3-4f74-9b42-591aee21a840?rule=kijijica-640-jpg,,
Toyota,Corolla,2017,24995,Other,,Used,Sedan,Front-wheel drive (FWD),Automatic,Gasoline,40425,,2T1BURHE9HC812318,https://media.kijiji.ca/api/v1/autos-prod-ads/images/d8/d877652a-707b-41c7-b53d-bf9f779e5fd5?rule=kijijica-640-jpg,,
Hyundai,Genesis,2016,20990,Black,,Used,Sedan,All-wheel drive (AWD),Automatic,Gasoline,138150,,KMHGN4JE4GU115863,https://media.kijiji.ca/api/v1/autos-prod-ads/images/26/26e1be9f-b96b-4ae4-b89f-02ed2184657c?rule=kijijica-640-jpg,,
Mazda,3,2021,27995,Grey,,Used,Sedan,Front-wheel drive (FWD),Automatic,Gasoline,73788,,JM1BPADL6M1324486,https://media.kijiji.ca/api/v1/autos-prod-ads/images/97/97b9529c-537b-4534-b370-6ca609ca957e?rule=kijijica-640-jpg,,
GMC,Acadia,2011,6500,,,Used,,,,,314000,,,https://media.kijiji.ca/api/v1/ca-prod-fsbo-ads/images/93/9342b09e-6fe6-49a4-b451-9d23455ac205?rule=kijijica-640-jpg,,
Land Rover,Range Rover Sport,2017,47490,Black,,Used,"SUV, Crossover",4 x 4,Automatic,Gasoline,95127,,SALWR2FE8HA134610,https://media.kijiji.ca/api/v1/autos-prod-ads/images/00/007ae465-0976-4891-95dc-1bf9aaf6f7c0?rule=kijijica-640-jpg,,
Land Rover,Discovery,2019,46990,Black,,Used,"SUV, Crossover",4 x 4,Automatic,Gasoline,76517,,SALRT2RV9K2412992,https://media.kijiji.ca/api/v1/autos-prod-ads/images/d7/d7618be7-3f7b-41e1-a00f-8bd6f644282c?rule=kijijica-640-jpg,,
Chevrolet,Silverado 1500,2017,31000,Black,,Used,Pickup Truck,4 x 4,Automatic,Gasoline,105600,,,https://media.kijiji.ca/api/v1/ca-prod-fsbo-ads/images/25/25caf00c-db08-482d-af59-f193e000dd63?rule=kijijica-640-jpg,,
Chrysler,200-Series,2015,8990,Sedan,,Used,Front-wheel drive (FWD),Automatic,Gasoline,,216000,,,https://media.kijiji.ca/api/v1/ca-prod-fsbo-ads/images/95/9540e99a-e5ae-4fd3-bbf5-5012a9033c29?rule=kijijica-640-jpg,,
Hyundai,Sonata,2011,8000,Grey,,Used,Sedan,Automatic,Gasoline,,160,,,https://media.kijiji.ca/api/v1/ca-prod-fsbo-ads/images/1b/1b50d375-996a-4bf6-8600-20028d3333ec?rule=kijijica-640-jpg,,
Dodge,Challenger,2016,42000,Coupe (2 door),,Used,Rear-wheel drive (RWD),Automatic,Gasoline,,78000,,,https://media.kijiji.ca/api/v1/ca-prod-fsbo-ads/images/84/84713811-8e80-46e8-a036-8f87e963bda7?rule=kijijica-640-jpg,,
Ford,F-150,2018,36952,White,,Used,Pickup Truck,4 x 4,Automatic,Gasoline,113177,,1FTEW1E58JFA45863,https://media.kijiji.ca/api/v1/autos-prod-ads/images/a1/a1f6abc7-e68c-4c6d-ad41-7ec54008312a?rule=kijijica-640-jpg,,
Hyundai,Tucson,2017,21500,Black,,Used,"SUV, Crossover",All-wheel drive (AWD),Automatic,Gasoline,92000,,,https://media.kijiji.ca/api/v1/ca-prod-fsbo-ads/images/35/35bcea17-6a43-475f-bf94-ba882e6a39ad?rule=kijijica-640-jpg,,
Honda,Accord,2006,5500,Silver,,Used,Sedan,Front-wheel drive (FWD),Automatic,Gasoline,198426,,,https://media.kijiji.ca/api/v1/ca-prod-fsbo-ads/images/c4/c412719f-8fd1-424c-b923-332e0204a265?rule=kijijica-640-jpg,,
Volkswagen,Golf,2008,4000,Hatchback,,Used,Front-wheel drive (FWD),Manual,Gasoline,,214000,,,https://media.kijiji.ca/api/v1/ca-prod-fsbo-ads/images/d7/d748088b-a35d-4c39-b9fa-1c25b87678e0?rule=kijijica-640-jpg,,
